domain,intent,utterance
ovos-skill-alerts.openvoiceos,"missed_alerts.intent","welke herinnering heb ik gemist"
ovos-skill-alerts.openvoiceos,"missed_alerts.intent","welke timers heb ik gemist"
ovos-skill-alerts.openvoiceos,"missed_alerts.intent","timers gemist"
ovos-skill-alerts.openvoiceos,"missed_alerts.intent","heb ik een herinnering gemist"
ovos-skill-alerts.openvoiceos,"missed_alerts.intent","Heb ik een gebeurtenis gemist"
ovos-skill-alerts.openvoiceos,"missed_alerts.intent","herinnering missen"
ovos-skill-alerts.openvoiceos,"missed_alerts.intent","Heb ik een timer gemist?"
ovos-skill-alerts.openvoiceos,"missed_alerts.intent","alarm gemist"
ovos-skill-alerts.openvoiceos,"missed_alerts.intent","heb ik evenementen gemist"
ovos-skill-alerts.openvoiceos,"missed_alerts.intent","miss een timers"
ovos-skill-alerts.openvoiceos,"missed_alerts.intent","timer gemist"
ovos-skill-alerts.openvoiceos,"missed_alerts.intent","een timer gemist"
ovos-skill-alerts.openvoiceos,"missed_alerts.intent","gemiste timer"
ovos-skill-alerts.openvoiceos,"missed_alerts.intent","een waarschuwing gemist"
ovos-skill-alerts.openvoiceos,"missed_alerts.intent","miss evenementen"
ovos-skill-alerts.openvoiceos,"missed_alerts.intent","Heb ik een waarschuwing gemist"
ovos-skill-alerts.openvoiceos,"missed_alerts.intent","heb ik een timer gemist"
ovos-skill-alerts.openvoiceos,"missed_alerts.intent","miss alarm"
ovos-skill-alerts.openvoiceos,"missed_alerts.intent","welke gebeurtenis heb ik gemist"
ovos-skill-alerts.openvoiceos,"missed_alerts.intent","heb ik herinneringen gemist"
ovos-skill-alerts.openvoiceos,"missed_alerts.intent","Welke waarschuwingen heb ik gemist?"
ovos-skill-alerts.openvoiceos,"missed_alerts.intent","gemiste herinnering"
ovos-skill-alerts.openvoiceos,"missed_alerts.intent","timers missen"
ovos-skill-alerts.openvoiceos,"missed_alerts.intent","een waarschuwing missen"
ovos-skill-alerts.openvoiceos,"missed_alerts.intent","Een herinnering gemist"
ovos-skill-alerts.openvoiceos,"missed_alerts.intent","Tijdklok gemist"
ovos-skill-alerts.openvoiceos,"missed_alerts.intent","Heb ik alarmen gemist?"
ovos-skill-alerts.openvoiceos,"missed_alerts.intent","welk alarm heb ik gemist"
ovos-skill-alerts.openvoiceos,"missed_alerts.intent","Welke waarschuwing heb ik gemist?"
ovos-skill-alerts.openvoiceos,"missed_alerts.intent","een herinnering missen"
ovos-skill-alerts.openvoiceos,"missed_alerts.intent","herinneringen missen"
ovos-skill-alerts.openvoiceos,"missed_alerts.intent","een timer missen"
ovos-skill-alerts.openvoiceos,"missed_alerts.intent","waarschuwingen missen"
ovos-skill-alerts.openvoiceos,"missed_alerts.intent","miss timers"
ovos-skill-alerts.openvoiceos,"missed_alerts.intent","welke alarmen heb ik gemist"
ovos-skill-alerts.openvoiceos,"missed_alerts.intent","gemiste waarschuwingen"
ovos-skill-alerts.openvoiceos,"missed_alerts.intent","gemiste herinneringen"
ovos-skill-alerts.openvoiceos,"missed_alerts.intent","heb ik waarschuwingen gemist"
ovos-skill-alerts.openvoiceos,"missed_alerts.intent","welke evenementen heb ik gemist"
ovos-skill-alerts.openvoiceos,"missed_alerts.intent","gemist alarm"
ovos-skill-alerts.openvoiceos,"missed_alerts.intent","Heb ik een herinnering gemist"
ovos-skill-alerts.openvoiceos,"missed_alerts.intent","evenementen missen"
ovos-skill-alerts.openvoiceos,"missed_alerts.intent","Heb ik een alarm gemist"
ovos-skill-alerts.openvoiceos,"missed_alerts.intent","heb ik iets gemist"
ovos-skill-alerts.openvoiceos,"missed_alerts.intent","gemiste gebeurtenis"
ovos-skill-alerts.openvoiceos,"missed_alerts.intent","Heb ik iets gemist?"
ovos-skill-alerts.openvoiceos,"missed_alerts.intent","heb ik een alarm gemist"
ovos-skill-alerts.openvoiceos,"missed_alerts.intent","een evenement gemist"
ovos-skill-alerts.openvoiceos,"missed_alerts.intent","herinneringen gemist"
ovos-skill-alerts.openvoiceos,"missed_alerts.intent","alarmen gemist"
ovos-skill-alerts.openvoiceos,"missed_alerts.intent","miss timer"
ovos-skill-alerts.openvoiceos,"missed_alerts.intent","heb ik timers gemist"
ovos-skill-alerts.openvoiceos,"missed_alerts.intent","een alarm gemist"
ovos-skill-alerts.openvoiceos,"missed_alerts.intent","welke timer heb ik gemist"
ovos-skill-alerts.openvoiceos,"missed_alerts.intent","welke herinneringen heb ik gemist"
ovos-skill-alerts.openvoiceos,"missed_alerts.intent","herinnering gemist"
ovos-skill-alerts.openvoiceos,"missed_alerts.intent","elk alarm missen"
ovos-skill-alerts.openvoiceos,"missed_alerts.intent","Heb ik een herinnering gemist?"
ovos-skill-alerts.openvoiceos,"missed_alerts.intent","heb ik alarm gemist"
ovos-skill-alerts.openvoiceos,"missed_alerts.intent","waarschuwingen gemist"
ovos-skill-alerts.openvoiceos,"missed_alerts.intent","een alarm missen"
ovos-skill-alerts.openvoiceos,"missed_alerts.intent","evenement gemist"
ovos-skill-alerts.openvoiceos,"missed_alerts.intent","een evenement missen"
ovos-skill-alerts.openvoiceos,"missed_alerts.intent","welk evenement heb ik gemist"
ovos-skill-alerts.openvoiceos,"missed_alerts.intent","gemiste waarschuwing"
ovos-skill-alerts.openvoiceos,"missed_alerts.intent","Heb ik een timer gemist"
ovos-skill-alerts.openvoiceos,"missed_alerts.intent","heb ik evenement gemist"
ovos-skill-alerts.openvoiceos,"missed_alerts.intent","heb ik een gebeurtenis gemist"
ovos-skill-alerts.openvoiceos,"missed_alerts.intent","alarmen missen"
ovos-skill-alerts.openvoiceos,"missed_alerts.intent","evenementen gemist"
ovos-skill-alerts.openvoiceos,"missed_alerts.intent","gemiste gebeurtenissen"
ovos-skill-alerts.openvoiceos,"missed_alerts.intent","miss alert"
ovos-skill-alerts.openvoiceos,"missed_alerts.intent","welke waarschuwingen heb ik gemist"
ovos-skill-alerts.openvoiceos,"missed_alerts.intent","elk alarm gemist"
ovos-skill-alerts.openvoiceos,"missed_alerts.intent","een herinnering gemist"
ovos-skill-alerts.openvoiceos,"missed_alerts.intent","gemiste alarmen"
ovos-skill-alerts.openvoiceos,"missed_alerts.intent","heb ik gebeurtenissen gemist"
ovos-skill-alerts.openvoiceos,"missed_alerts.intent","heb ik een evenement gemist"
ovos-skill-alerts.openvoiceos,"missed_alerts.intent","elk evenement missen"
ovos-skill-alerts.openvoiceos,"missed_alerts.intent","Heb ik een alarm gemist?"
ovos-skill-alerts.openvoiceos,"missed_alerts.intent","Heb ik een waarschuwing gemist?"
ovos-skill-alerts.openvoiceos,"missed_alerts.intent","heb ik alarmen gemist"
ovos-skill-alerts.openvoiceos,"missed_alerts.intent","gemiste timers"
ovos-skill-alerts.openvoiceos,"missed_alerts.intent","heb ik een waarschuwing gemist"
ovos-skill-laugh.openvoiceos,"Laugh.intent","kan jij lachen"
ovos-skill-laugh.openvoiceos,"Laugh.intent","kwaadaardige? gelach"
ovos-skill-laugh.openvoiceos,"Laugh.intent","kwaadaardige? lach"
ovos-skill-laugh.openvoiceos,"Laugh.intent","kwaadaardige? lachen"
ovos-skill-laugh.openvoiceos,"Laugh.intent","lach als alexa"
ovos-skill-laugh.openvoiceos,"RandomLaugh.intent","lach willekeurig"
ovos-skill-laugh.openvoiceos,"RandomLaugh.intent","trigger een? willekeurige? gelach"
ovos-skill-laugh.openvoiceos,"RandomLaugh.intent","trigger een? willekeurige? lach"
ovos-skill-laugh.openvoiceos,"RandomLaugh.intent","trigger een? willekeurige? lachen"
ovos-skill-laugh.openvoiceos,"RandomLaugh.intent","willekeurige? gelach"
ovos-skill-laugh.openvoiceos,"RandomLaugh.intent","willekeurige? lach"
ovos-skill-laugh.openvoiceos,"RandomLaugh.intent","willekeurige? lachen"
ovos-skill-personal.OpenVoiceOS,"WhereWereYouBorn.intent","waar ben je geboren"
ovos-skill-personal.OpenVoiceOS,"WhereWereYouBorn.intent","waar ben je gecreëerd"
ovos-skill-personal.OpenVoiceOS,"WhenWereYouBorn.intent","wanneer ben je geboren"
ovos-skill-personal.OpenVoiceOS,"WhenWereYouBorn.intent","wanneer ben je gecreëerd"
ovos-skill-personal.OpenVoiceOS,"WhoMadeYou.intent","door wie ben je gemaakt"
ovos-skill-personal.OpenVoiceOS,"WhoMadeYou.intent","wie heeft je gebouwd"
ovos-skill-personal.OpenVoiceOS,"WhoMadeYou.intent","wie heeft je gemaakt"
ovos-skill-personal.OpenVoiceOS,"WhoMadeYou.intent","wie maakte je"
ovos-skill-personal.OpenVoiceOS,"WhoAreYou.intent","wie ben je"
ovos-skill-personal.OpenVoiceOS,"WhatAreYou.intent","wat ben je"
skill-ovos-boot-finished.openvoiceos,"are_you_ready.intent","Ben je klaar met laden"
skill-ovos-boot-finished.openvoiceos,"are_you_ready.intent","Ben je klaar met opstarten"
skill-ovos-boot-finished.openvoiceos,"are_you_ready.intent","Ben je klaar met starten"
skill-ovos-boot-finished.openvoiceos,"are_you_ready.intent","Is het systeem klaar met laden"
skill-ovos-boot-finished.openvoiceos,"are_you_ready.intent","Is het systeem klaar met opstarten"
skill-ovos-boot-finished.openvoiceos,"are_you_ready.intent","Is het systeem klaar met starten"
skill-ovos-boot-finished.openvoiceos,"are_you_ready.intent","Ben alle diensten begonnen?"
skill-ovos-boot-finished.openvoiceos,"are_you_ready.intent","Ben jij begonnen?"
skill-ovos-boot-finished.openvoiceos,"are_you_ready.intent","Zijn alle diensten begonnen?"
skill-ovos-boot-finished.openvoiceos,"are_you_ready.intent","Zijn jij begonnen?"
skill-ovos-boot-finished.openvoiceos,"are_you_ready.intent","Heb je Open Voice OS succesvol opgestart"
skill-ovos-boot-finished.openvoiceos,"are_you_ready.intent","Heb je het systeem succesvol opgestart"
skill-ovos-boot-finished.openvoiceos,"are_you_ready.intent","is Open Voice OS succesvol opgestart"
skill-ovos-boot-finished.openvoiceos,"are_you_ready.intent","is het systeem succesvol opgestart"
skill-ovos-boot-finished.openvoiceos,"are_you_ready.intent","is Open Voice OS klaar met opstarten?"
skill-ovos-boot-finished.openvoiceos,"are_you_ready.intent","is alle services klaar met opstarten?"
skill-ovos-boot-finished.openvoiceos,"are_you_ready.intent","is het apparaat klaar met opstarten?"
skill-ovos-boot-finished.openvoiceos,"are_you_ready.intent","is het systeem klaar met opstarten?"
skill-ovos-boot-finished.openvoiceos,"are_you_ready.intent","zijn Open Voice OS klaar met opstarten?"
skill-ovos-boot-finished.openvoiceos,"are_you_ready.intent","zijn alle services klaar met opstarten?"
skill-ovos-boot-finished.openvoiceos,"are_you_ready.intent","zijn het apparaat klaar met opstarten?"
skill-ovos-boot-finished.openvoiceos,"are_you_ready.intent","zijn het systeem klaar met opstarten?"
skill-ovos-boot-finished.openvoiceos,"are_you_ready.intent","Ben je klaar met laden?"
skill-ovos-boot-finished.openvoiceos,"are_you_ready.intent","Ben je klaar met opstarten?"
skill-ovos-boot-finished.openvoiceos,"are_you_ready.intent","Ben je klaar met starten?"
skill-ovos-boot-finished.openvoiceos,"are_you_ready.intent","Is Open Voice OS klaar?"
skill-ovos-boot-finished.openvoiceos,"are_you_ready.intent","Is het apparaat klaar?"
skill-ovos-boot-finished.openvoiceos,"are_you_ready.intent","Is het systeem klaar?"
skill-ovos-boot-finished.openvoiceos,"are_you_ready.intent","Is Open Voice OS systeem klaar?"
skill-ovos-boot-finished.openvoiceos,"are_you_ready.intent","Is het systeem klaar?"
skill-ovos-boot-finished.openvoiceos,"are_you_ready.intent","Is alles klaar"
skill-ovos-boot-finished.openvoiceos,"are_you_ready.intent","Is alles nog steeds aan het laden"
skill-ovos-boot-finished.openvoiceos,"are_you_ready.intent","Is alles up and running"
skill-ovos-boot-finished.openvoiceos,"are_you_ready.intent","Is alles volledig geladen"
skill-ovos-boot-finished.openvoiceos,"are_you_ready.intent","Is het opstarten voltooid?"
skill-ovos-boot-finished.openvoiceos,"are_you_ready.intent","Zijn alle diensten actief"
skill-ovos-boot-finished.openvoiceos,"are_you_ready.intent","Zijn alle diensten klaar"
skill-ovos-boot-finished.openvoiceos,"are_you_ready.intent","Zijn alle diensten nog steeds aan het laden"
skill-ovos-boot-finished.openvoiceos,"are_you_ready.intent","Zijn alle diensten volledig gestart"
skill-ovos-boot-finished.openvoiceos,"enable_ready_notification.intent","opstart geluidactiveren"
skill-ovos-boot-finished.openvoiceos,"enable_ready_notification.intent","opstart geluidinschakelen"
skill-ovos-boot-finished.openvoiceos,"enable_ready_notification.intent","opstart meldingactiveren"
skill-ovos-boot-finished.openvoiceos,"enable_ready_notification.intent","opstart meldingenactiveren"
skill-ovos-boot-finished.openvoiceos,"enable_ready_notification.intent","opstart meldingeninschakelen"
skill-ovos-boot-finished.openvoiceos,"enable_ready_notification.intent","opstart meldinginschakelen"
skill-ovos-boot-finished.openvoiceos,"disable_ready_notification.intent","opstart geluiddeactiveren"
skill-ovos-boot-finished.openvoiceos,"disable_ready_notification.intent","opstart geluiduitschakelen"
skill-ovos-boot-finished.openvoiceos,"disable_ready_notification.intent","opstart meldingdeactiveren"
skill-ovos-boot-finished.openvoiceos,"disable_ready_notification.intent","opstart meldingendeactiveren"
skill-ovos-boot-finished.openvoiceos,"disable_ready_notification.intent","opstart meldingenuitschakelen"
skill-ovos-boot-finished.openvoiceos,"disable_ready_notification.intent","opstart meldinguitschakelen"
skill-ovos-date-time.openvoiceos,"what.time.will.it.be.intent","Hoe laat is het over {offset} minuten?"
skill-ovos-date-time.openvoiceos,"what.time.will.it.be.intent","Hoe laat is het over {offset} uur vanaf nu?"
skill-ovos-date-time.openvoiceos,"what.time.will.it.be.intent","hoe laat is het over {offset} minuten"
skill-ovos-date-time.openvoiceos,"what.time.will.it.be.intent","hoe laat is het over {offset} minuten in {location}"
skill-ovos-date-time.openvoiceos,"what.time.will.it.be.intent","hoe laat is het over {offset} minuten vanaf nu in {location}"
skill-ovos-date-time.openvoiceos,"what.time.will.it.be.intent","hoe laat is het over {offset} seconden in {location}"
skill-ovos-date-time.openvoiceos,"what.time.will.it.be.intent","hoe laat is het over {offset} seconden vanaf nu in {location}"
skill-ovos-date-time.openvoiceos,"what.time.will.it.be.intent","hoe laat is het over {offset} uur vanaf nu in {location}"
skill-ovos-date-time.openvoiceos,"what.time.will.it.be.intent","hoe laat zal het zijn over {offset} seconden"
skill-ovos-date-time.openvoiceos,"what.time.will.it.be.intent","hoe laat zal het zijn over {offset} seconden vanaf nu"
skill-ovos-date-time.openvoiceos,"what.time.will.it.be.intent","hoe laat zal het zijn over {offset} uur"
skill-ovos-date-time.openvoiceos,"what.time.will.it.be.intent","hoe laat zal het zijn over {offset} uur in {location}"
skill-ovos-date-time.openvoiceos,"what.time.will.it.be.intent","wanneer is het {offset} minuten vanaf nu"
skill-ovos-date-time.openvoiceos,"what.time.will.it.be.intent","wanneer is het {offset} seconden vanaf nu"
skill-ovos-date-time.openvoiceos,"what.time.will.it.be.intent","wanneer is het {offset} uur vanaf nu"
skill-ovos-date-time.openvoiceos,"what.time.will.it.be.intent","wanneer is het {offset} minuten vanaf nu in {location}"
skill-ovos-date-time.openvoiceos,"what.time.will.it.be.intent","wanneer is het {offset} seconden vanaf nu in {location}"
skill-ovos-date-time.openvoiceos,"what.time.will.it.be.intent","wanneer is het {offset} uur vanaf nu in {location}"
skill-ovos-date-time.openvoiceos,"what.time.will.it.be.intent","wanneer is het {offset} minuten"
skill-ovos-date-time.openvoiceos,"what.time.will.it.be.intent","wanneer is het {offset} minuten in {location}"
skill-ovos-date-time.openvoiceos,"what.time.will.it.be.intent","wanneer is het {offset} minuten vanaf nu"
skill-ovos-date-time.openvoiceos,"what.time.will.it.be.intent","wanneer is het {offset} minuten vanaf nu in {location}"
skill-ovos-date-time.openvoiceos,"what.time.will.it.be.intent","wanneer is het {offset} seconden"
skill-ovos-date-time.openvoiceos,"what.time.will.it.be.intent","wanneer is het {offset} seconden in {location} vanaf nu"
skill-ovos-date-time.openvoiceos,"what.time.will.it.be.intent","wanneer is het {offset} seconden op {locatie}"
skill-ovos-date-time.openvoiceos,"what.time.will.it.be.intent","wanneer is het {offset} seconden op {location}"
skill-ovos-date-time.openvoiceos,"what.time.will.it.be.intent","wanneer is het {offset} seconden vanaf nu"
skill-ovos-date-time.openvoiceos,"what.time.will.it.be.intent","wanneer is het {offset} seconden vanaf nu in {locatie}"
skill-ovos-date-time.openvoiceos,"what.time.will.it.be.intent","wanneer is het {offset} seconden vanaf nu in {location}"
skill-ovos-date-time.openvoiceos,"what.time.will.it.be.intent","wanneer is het {offset} uur"
skill-ovos-date-time.openvoiceos,"what.time.will.it.be.intent","wanneer is het {offset} uur in {location}"
skill-ovos-date-time.openvoiceos,"what.time.will.it.be.intent","wanneer is het {offset} uur vanaf nu"
skill-ovos-date-time.openvoiceos,"what.time.will.it.be.intent","wanneer is het {offset} uur vanaf nu in {location}"
skill-ovos-date-time.openvoiceos,"what.time.will.it.be.intent","wanneer zal het {offset} seconden zijn in {location}"
skill-ovos-date-time.openvoiceos,"what.time.will.it.be.intent","wanneer zal het {offset} seconden zijn vanaf nu"
skill-ovos-date-time.openvoiceos,"what.time.will.it.be.intent","wanneer zal het {offset} uur zijn"
skill-ovos-date-time.openvoiceos,"what.time.will.it.be.intent","wanneer zijn het {offset} minuten in {location}"
skill-ovos-date-time.openvoiceos,"what.time.will.it.be.intent","wanneer zijn het {offset} seconden"
skill-ovos-date-time.openvoiceos,"what.time.is.it.intent","Geef mij de huidige tijd."
skill-ovos-date-time.openvoiceos,"what.time.is.it.intent","Heb je de tijd voor me?"
skill-ovos-date-time.openvoiceos,"what.time.is.it.intent","Hoe laat is het bij jou?"
skill-ovos-date-time.openvoiceos,"what.time.is.it.intent","Hoe laat is het nu, als u het niet erg vindt?"
skill-ovos-date-time.openvoiceos,"what.time.is.it.intent","Hoe laat is het nu?"
skill-ovos-date-time.openvoiceos,"what.time.is.it.intent","Hoe laat is het op dit moment?"
skill-ovos-date-time.openvoiceos,"what.time.is.it.intent","Hoe laat is het volgens jouw klok?"
skill-ovos-date-time.openvoiceos,"what.time.is.it.intent","Hoe laat is het?"
skill-ovos-date-time.openvoiceos,"what.time.is.it.intent","Hoe laat leven we"
skill-ovos-date-time.openvoiceos,"what.time.is.it.intent","Ik ben benieuwd naar de tijd"
skill-ovos-date-time.openvoiceos,"what.time.is.it.intent","Ik ben benieuwd, hoe laat is het?"
skill-ovos-date-time.openvoiceos,"what.time.is.it.intent","Ik moet even kijken hoe laat het is."
skill-ovos-date-time.openvoiceos,"what.time.is.it.intent","Ik moet nu de tijd weten"
skill-ovos-date-time.openvoiceos,"what.time.is.it.intent","Ik vraag me af hoe laat het is"
skill-ovos-date-time.openvoiceos,"what.time.is.it.intent","Ik wil de huidige tijd checken."
skill-ovos-date-time.openvoiceos,"what.time.is.it.intent","Ik wil de tijd weten"
skill-ovos-date-time.openvoiceos,"what.time.is.it.intent","Ik wil graag de huidige tijd weten"
skill-ovos-date-time.openvoiceos,"what.time.is.it.intent","Ik wil graag weten hoe laat het is."
skill-ovos-date-time.openvoiceos,"what.time.is.it.intent","Ik zou het op prijs stellen als u mij de tijd kunt vertellen."
skill-ovos-date-time.openvoiceos,"what.time.is.it.intent","Is het mogelijk om de tijd nu te krijgen?"
skill-ovos-date-time.openvoiceos,"what.time.is.it.intent","Kan je me de tijd vertellen?"
skill-ovos-date-time.openvoiceos,"what.time.is.it.intent","Kun je de tijd met mij delen?"
skill-ovos-date-time.openvoiceos,"what.time.is.it.intent","Kunt u de tijd met ons delen?"
skill-ovos-date-time.openvoiceos,"what.time.is.it.intent","Kunt u mij de huidige tijd geven?"
skill-ovos-date-time.openvoiceos,"what.time.is.it.intent","Kunt u mij de tijd geven, alstublieft?"
skill-ovos-date-time.openvoiceos,"what.time.is.it.intent","Kunt u mij een update geven over de tijd?"
skill-ovos-date-time.openvoiceos,"what.time.is.it.intent","Kunt u mij laten weten hoe laat het is?"
skill-ovos-date-time.openvoiceos,"what.time.is.it.intent","Kunt u mij vertellen hoe laat het is?"
skill-ovos-date-time.openvoiceos,"what.time.is.it.intent","Laat me weten hoe laat het is."
skill-ovos-date-time.openvoiceos,"what.time.is.it.intent","Laat mij weten hoe laat het is."
skill-ovos-date-time.openvoiceos,"what.time.is.it.intent","Mag ik de tijd weten?"
skill-ovos-date-time.openvoiceos,"what.time.is.it.intent","Mag ik weten hoe laat het is?"
skill-ovos-date-time.openvoiceos,"what.time.is.it.intent","Vertel me alsjeblieft hoe laat het is"
skill-ovos-date-time.openvoiceos,"what.time.is.it.intent","Vertel me eens hoe laat het is."
skill-ovos-date-time.openvoiceos,"what.time.is.it.intent","Vertel me nu hoe laat het is, alsjeblieft."
skill-ovos-date-time.openvoiceos,"what.time.is.it.intent","Vertel mij alstublieft hoe laat het is."
skill-ovos-date-time.openvoiceos,"what.time.is.it.intent","Wat voor tijd hebben we?"
skill-ovos-date-time.openvoiceos,"what.time.is.it.intent","Wat zegt je horloge?"
skill-ovos-date-time.openvoiceos,"what.time.is.it.intent","Weet je hoe laat het is?"
skill-ovos-date-time.openvoiceos,"what.time.is.it.intent","Weet jij toevallig hoe laat het is?"
skill-ovos-date-time.openvoiceos,"what.time.is.it.intent","Weet u op dit moment de actuele tijd?"
skill-ovos-date-time.openvoiceos,"what.time.is.it.intent","Zou je kunnen zeggen hoe laat het is?"
skill-ovos-date-time.openvoiceos,"what.time.is.it.intent","de huidige tijd"
skill-ovos-date-time.openvoiceos,"what.time.is.it.intent","de tijd"
skill-ovos-date-time.openvoiceos,"what.time.is.it.intent","de tijd alstublieft"
skill-ovos-date-time.openvoiceos,"what.time.is.it.intent","de tijd graag"
skill-ovos-date-time.openvoiceos,"what.time.is.it.intent","de tijd nu alstublieft"
skill-ovos-date-time.openvoiceos,"what.time.is.it.intent","geef de tijd"
skill-ovos-date-time.openvoiceos,"what.time.is.it.intent","heb je de huidige tijd"
skill-ovos-date-time.openvoiceos,"what.time.is.it.intent","hoe laat is het"
skill-ovos-date-time.openvoiceos,"what.time.is.it.intent","hoe laat is het momenteel?"
skill-ovos-date-time.openvoiceos,"what.time.is.it.intent","hoe laat is het nu"
skill-ovos-date-time.openvoiceos,"what.time.is.it.intent","huidige tijd"
skill-ovos-date-time.openvoiceos,"what.time.is.it.intent","huidige tijd graag"
skill-ovos-date-time.openvoiceos,"what.time.is.it.intent","klok"
skill-ovos-date-time.openvoiceos,"what.time.is.it.intent","kun je me vertellen hoe laat het is"
skill-ovos-date-time.openvoiceos,"what.time.is.it.intent","kun je mij de tijd vertellen"
skill-ovos-date-time.openvoiceos,"what.time.is.it.intent","laat me de huidige tijd weten"
skill-ovos-date-time.openvoiceos,"what.time.is.it.intent","tijd"
skill-ovos-date-time.openvoiceos,"what.time.is.it.intent","tijd alstublieft"
skill-ovos-date-time.openvoiceos,"what.time.is.it.intent","tijd nu alstublieft"
skill-ovos-date-time.openvoiceos,"what.time.is.it.intent","vertel me hoe laat het is"
skill-ovos-date-time.openvoiceos,"what.time.is.it.intent","wat is de huidige tijd"
skill-ovos-date-time.openvoiceos,"what.time.is.it.intent","wat zegt de klok"
skill-ovos-date-time.openvoiceos,"what.time.is.it.intent","wat zegt de klok nu?"
skill-ovos-date-time.openvoiceos,"what.time.is.it.intent","wat zegt de klok?"
skill-ovos-date-time.openvoiceos,"what.time.is.it.intent","weet je hoe laat het is"
skill-ovos-date-time.openvoiceos,"date.future.weekend.intent","Kun je de data doorgeven voor het aankomende weekend?"
skill-ovos-date-time.openvoiceos,"date.future.weekend.intent","Kun je de data van het komende weekend doorgeven?"
skill-ovos-date-time.openvoiceos,"date.future.weekend.intent","Kun je mij de data van het komende weekend vertellen?"
skill-ovos-date-time.openvoiceos,"date.future.weekend.intent","Kun je mij de data van het weekend na dit weekend doorgeven?"
skill-ovos-date-time.openvoiceos,"date.future.weekend.intent","Kun je mij de data vertellen voor het weekend dat volgt op dit weekend?"
skill-ovos-date-time.openvoiceos,"date.future.weekend.intent","Kun je mij de data voor het komende weekend doorgeven?"
skill-ovos-date-time.openvoiceos,"date.future.weekend.intent","Kunt u de data voor het daaropvolgende weekend doorgeven?"
skill-ovos-date-time.openvoiceos,"date.future.weekend.intent","Vertel me de data van het komende weekend."
skill-ovos-date-time.openvoiceos,"date.future.weekend.intent","Vertel me de data van het volgende weekend"
skill-ovos-date-time.openvoiceos,"date.future.weekend.intent","Vertel me de data van het weekend dat volgt op deze."
skill-ovos-date-time.openvoiceos,"date.future.weekend.intent","Vertel me de data van het weekend dat volgt op het huidige weekend."
skill-ovos-date-time.openvoiceos,"date.future.weekend.intent","Vertel me de data van het weekend na dit weekend"
skill-ovos-date-time.openvoiceos,"date.future.weekend.intent","Vertel me de data van volgend weekend."
skill-ovos-date-time.openvoiceos,"date.future.weekend.intent","Vertel me de data voor het komende weekend."
skill-ovos-date-time.openvoiceos,"date.future.weekend.intent","Vertel me de data voor het weekend hierna."
skill-ovos-date-time.openvoiceos,"date.future.weekend.intent","Wat is de datum volgend weekend?"
skill-ovos-date-time.openvoiceos,"date.future.weekend.intent","Wat is de datum voor volgend weekend?"
skill-ovos-date-time.openvoiceos,"date.future.weekend.intent","Wat worden de data dit weekend?"
skill-ovos-date-time.openvoiceos,"date.future.weekend.intent","Wat zijn de data van aankomend weekend?"
skill-ovos-date-time.openvoiceos,"date.future.weekend.intent","Wat zijn de data van het komende weekend?"
skill-ovos-date-time.openvoiceos,"date.future.weekend.intent","Wat zijn de data van het weekend hierna?"
skill-ovos-date-time.openvoiceos,"date.future.weekend.intent","Wat zijn de data van het weekend na dit weekend?"
skill-ovos-date-time.openvoiceos,"date.future.weekend.intent","Wat zijn de data voor aankomend weekend?"
skill-ovos-date-time.openvoiceos,"date.future.weekend.intent","Wat zijn de data voor dit weekend?"
skill-ovos-date-time.openvoiceos,"date.future.weekend.intent","Wat zijn de data voor het komende weekend?"
skill-ovos-date-time.openvoiceos,"date.future.weekend.intent","Wat zijn de data voor het volgende weekend?"
skill-ovos-date-time.openvoiceos,"date.future.weekend.intent","Wat zijn de data voor het weekend na het huidige weekend?"
skill-ovos-date-time.openvoiceos,"date.future.weekend.intent","Wat zijn de data voor komend weekend?"
skill-ovos-date-time.openvoiceos,"date.future.weekend.intent","Wat zijn de data voor volgend weekend?"
skill-ovos-date-time.openvoiceos,"date.future.weekend.intent","Wat zijn de datums van komend weekend?"
skill-ovos-date-time.openvoiceos,"date.future.weekend.intent","Wat zijn de verwachte data van het volgende weekend?"
skill-ovos-date-time.openvoiceos,"date.future.weekend.intent","Wat zijn de verwachte data voor het naderende weekend?"
skill-ovos-date-time.openvoiceos,"date.future.weekend.intent","Welke data aankomend weekend?"
skill-ovos-date-time.openvoiceos,"date.future.weekend.intent","Welke data hebben we komend weekend?"
skill-ovos-date-time.openvoiceos,"date.future.weekend.intent","Welke data heeft het komende weekend?"
skill-ovos-date-time.openvoiceos,"date.future.weekend.intent","Welke data heeft het naderende weekend?"
skill-ovos-date-time.openvoiceos,"date.future.weekend.intent","Welke data heeft het volgende weekend?"
skill-ovos-date-time.openvoiceos,"date.future.weekend.intent","Welke data heeft het weekend hierna?"
skill-ovos-date-time.openvoiceos,"date.future.weekend.intent","Welke data kan ik het volgende weekend verwachten?"
skill-ovos-date-time.openvoiceos,"date.future.weekend.intent","Welke data komen dit weekend?"
skill-ovos-date-time.openvoiceos,"date.future.weekend.intent","Welke data komen er aan dit weekend?"
skill-ovos-date-time.openvoiceos,"date.future.weekend.intent","Welke data kunnen we het komende weekend verwachten?"
skill-ovos-date-time.openvoiceos,"date.future.weekend.intent","Welke data staan vast voor het komende weekend?"
skill-ovos-date-time.openvoiceos,"date.future.weekend.intent","Welke data staan vast voor het volgende weekend?"
skill-ovos-date-time.openvoiceos,"date.future.weekend.intent","Welke data staan vast voor volgend weekend?"
skill-ovos-date-time.openvoiceos,"date.future.weekend.intent","Welke data staan ​​er dit weekend gepland?"
skill-ovos-date-time.openvoiceos,"date.future.weekend.intent","Welke data staan ​​er dit weekend op de planning?"
skill-ovos-date-time.openvoiceos,"date.future.weekend.intent","Welke data staan ​​er gepland voor het komende weekend?"
skill-ovos-date-time.openvoiceos,"date.future.weekend.intent","Welke data worden er verwacht voor het weekend na het huidige weekend?"
skill-ovos-date-time.openvoiceos,"date.future.weekend.intent","Welke data zijn gepland voor dit weekend?"
skill-ovos-date-time.openvoiceos,"date.future.weekend.intent","Welke data zijn gepland voor het weekend dat volgt op dit weekend?"
skill-ovos-date-time.openvoiceos,"date.future.weekend.intent","Welke data zijn gereserveerd voor het volgende weekend?"
skill-ovos-date-time.openvoiceos,"date.future.weekend.intent","Welke datums heeft het volgende weekend?"
skill-ovos-date-time.openvoiceos,"date.future.weekend.intent","wat is de datum voor dit weekend"
skill-ovos-date-time.openvoiceos,"date.future.weekend.intent","wat is de datum voor volgend weekend"
skill-ovos-date-time.openvoiceos,"date.future.weekend.intent","wat zijn de dagen dit weekend"
skill-ovos-date-time.openvoiceos,"date.future.weekend.intent","wat zijn de data dit weekend"
skill-ovos-date-time.openvoiceos,"date.future.weekend.intent","wat zijn de data van volgend weekend"
skill-ovos-date-time.openvoiceos,"date.future.weekend.intent","wat zijn de data voor dit weekend"
skill-ovos-date-time.openvoiceos,"date.future.weekend.intent","wat zijn de data voor volgend weekend"
skill-ovos-date-time.openvoiceos,"date.future.weekend.intent","wat zijn de datums voor volgend weekend"
skill-ovos-date-time.openvoiceos,"date.future.weekend.intent","welke dag is volgend weekend"
skill-ovos-date-time.openvoiceos,"date.future.weekend.intent","welke data dit weekend"
skill-ovos-date-time.openvoiceos,"date.future.weekend.intent","welke data van volgend weekend"
skill-ovos-date-time.openvoiceos,"date.future.weekend.intent","welke data voor dit weekend"
skill-ovos-date-time.openvoiceos,"date.future.weekend.intent","welke data zijn dit weekend"
skill-ovos-date-time.openvoiceos,"date.future.weekend.intent","welke data zijn volgend weekend"
skill-ovos-date-time.openvoiceos,"date.future.weekend.intent","welke datum is dit weekend"
skill-ovos-date-time.openvoiceos,"date.future.weekend.intent","welke datum is volgend weekend"
skill-ovos-date-time.openvoiceos,"date.future.weekend.intent","welke datum volgend weekend"
skill-ovos-date-time.openvoiceos,"date.last.weekend.intent","Geef de data van het voorafgaande weekend op."
skill-ovos-date-time.openvoiceos,"date.last.weekend.intent","Geef me de data van het afgelopen weekend."
skill-ovos-date-time.openvoiceos,"date.last.weekend.intent","Geef me de data van het weekend ervoor."
skill-ovos-date-time.openvoiceos,"date.last.weekend.intent","Geef me de specifieke data van het afgelopen weekend."
skill-ovos-date-time.openvoiceos,"date.last.weekend.intent","Geef me de specifieke data van het weekend hiervoor."
skill-ovos-date-time.openvoiceos,"date.last.weekend.intent","Geef mij de specifieke data voor het weekend ervoor."
skill-ovos-date-time.openvoiceos,"date.last.weekend.intent","Ik ben geïnteresseerd in de data van afgelopen weekend."
skill-ovos-date-time.openvoiceos,"date.last.weekend.intent","Informeer me alstublieft over de data van afgelopen weekend."
skill-ovos-date-time.openvoiceos,"date.last.weekend.intent","Informeer mij over de data van het weekend dat net voorbij is."
skill-ovos-date-time.openvoiceos,"date.last.weekend.intent","Informeer mij over de data van het weekend ervoor."
skill-ovos-date-time.openvoiceos,"date.last.weekend.intent","Kun je de data geven van het weekend hiervoor?"
skill-ovos-date-time.openvoiceos,"date.last.weekend.intent","Kun je me de data van het laatste weekend doorgeven?"
skill-ovos-date-time.openvoiceos,"date.last.weekend.intent","Kun je mij de data van het afgelopen weekend vertellen?"
skill-ovos-date-time.openvoiceos,"date.last.weekend.intent","Kun je mij vertellen welke data afgelopen weekend had?"
skill-ovos-date-time.openvoiceos,"date.last.weekend.intent","Vertel me de data die in het afgelopen weekend vielen."
skill-ovos-date-time.openvoiceos,"date.last.weekend.intent","Vertel me de data van afgelopen weekend."
skill-ovos-date-time.openvoiceos,"date.last.weekend.intent","Vertel me de data van het voorbijgaande weekend"
skill-ovos-date-time.openvoiceos,"date.last.weekend.intent","Vertel me de data van het weekend dat net is afgelopen."
skill-ovos-date-time.openvoiceos,"date.last.weekend.intent","Vertel me de data van het weekend die net voorbij zijn."
skill-ovos-date-time.openvoiceos,"date.last.weekend.intent","Vertel me de data van het weekend ervoor."
skill-ovos-date-time.openvoiceos,"date.last.weekend.intent","Vertel me de data van het weekend vóór het huidige weekend."
skill-ovos-date-time.openvoiceos,"date.last.weekend.intent","Vertel me de specifieke data van het afgelopen weekend."
skill-ovos-date-time.openvoiceos,"date.last.weekend.intent","Vertel me over de dagen van afgelopen weekend."
skill-ovos-date-time.openvoiceos,"date.last.weekend.intent","Wanneer was het vorige weekend?"
skill-ovos-date-time.openvoiceos,"date.last.weekend.intent","Wat voor datum was het afgelopen weekend?"
skill-ovos-date-time.openvoiceos,"date.last.weekend.intent","Wat waren de data van het voorgaande weekend?"
skill-ovos-date-time.openvoiceos,"date.last.weekend.intent","Wat waren de data van het weekend ervoor?"
skill-ovos-date-time.openvoiceos,"date.last.weekend.intent","Wat waren de data van het weekend voorafgaand aan deze?"
skill-ovos-date-time.openvoiceos,"date.last.weekend.intent","Wat waren de data van het weekend vóór het huidige?"
skill-ovos-date-time.openvoiceos,"date.last.weekend.intent","Wat waren de data voor het weekend dat net voorbij is?"
skill-ovos-date-time.openvoiceos,"date.last.weekend.intent","Welke dagen hoorden bij het weekend vóór deze?"
skill-ovos-date-time.openvoiceos,"date.last.weekend.intent","Welke dagen vielen in het afgelopen weekend?"
skill-ovos-date-time.openvoiceos,"date.last.weekend.intent","Welke data had afgelopen weekend?"
skill-ovos-date-time.openvoiceos,"date.last.weekend.intent","Welke data had het afgelopen weekend?"
skill-ovos-date-time.openvoiceos,"date.last.weekend.intent","Welke data hadden we afgelopen weekend?"
skill-ovos-date-time.openvoiceos,"date.last.weekend.intent","Welke data hadden we vorig weekend?"
skill-ovos-date-time.openvoiceos,"date.last.weekend.intent","Welke data hoorden bij het weekend vóór dit weekend?"
skill-ovos-date-time.openvoiceos,"date.last.weekend.intent","Welke data hoorden bij het weekend vóór het huidige weekend?"
skill-ovos-date-time.openvoiceos,"date.last.weekend.intent","Welke data horen bij afgelopen weekend?"
skill-ovos-date-time.openvoiceos,"date.last.weekend.intent","Welke data maakten deel uit van het afgelopen weekend?"
skill-ovos-date-time.openvoiceos,"date.last.weekend.intent","Welke data omvatte afgelopen weekend?"
skill-ovos-date-time.openvoiceos,"date.last.weekend.intent","Welke data vielen in het afgelopen weekend?"
skill-ovos-date-time.openvoiceos,"date.last.weekend.intent","Welke data vielen onder afgelopen weekend?"
skill-ovos-date-time.openvoiceos,"date.last.weekend.intent","Welke data waren afgelopen weekend?"
skill-ovos-date-time.openvoiceos,"date.last.weekend.intent","Welke data zijn verstreken in het weekend?"
skill-ovos-date-time.openvoiceos,"date.last.weekend.intent","Welke datum hadden we afgelopen weekend?"
skill-ovos-date-time.openvoiceos,"date.last.weekend.intent","wat waren de data van afgelopen weekend"
skill-ovos-date-time.openvoiceos,"date.last.weekend.intent","wat waren de data van het afgelopen weekend"
skill-ovos-date-time.openvoiceos,"date.last.weekend.intent","wat waren de data van het vorige weekend"
skill-ovos-date-time.openvoiceos,"date.last.weekend.intent","wat was de datum van afgelopen weekend"
skill-ovos-date-time.openvoiceos,"date.last.weekend.intent","wat was de datum van het vorige weekend"
skill-ovos-date-time.openvoiceos,"date.last.weekend.intent","welke data was het afgelopen weekend?"
skill-ovos-date-time.openvoiceos,"date.last.weekend.intent","welke datum was afgelopen weekend"
skill-ovos-date-time.openvoiceos,"date.last.weekend.intent","welke datum was het afgelopen weekend"
skill-ovos-date-time.openvoiceos,"date.last.weekend.intent","welke datum was het laatste weekend"
skill-ovos-hello-world.openvoiceos,"HowAreYou.intent","Hoe gaat het"
skill-ovos-hello-world.openvoiceos,"HowAreYou.intent","Hoe gaat het doing"
skill-ovos-hello-world.openvoiceos,"HowAreYou.intent","hoe is het met jou gegaan"
skill-ovos-hello-world.openvoiceos,"HowAreYou.intent","hoe is je dag geweest"
skill-ovos-volume.openvoiceos,"volume.default.intent","gemiddeld volume"
skill-ovos-volume.openvoiceos,"volume.default.intent","reset volume"
skill-ovos-volume.openvoiceos,"volume.default.intent","standaard volume"
skill-ovos-volume.openvoiceos,"volume.default.intent","stel het volumeniveau in op de standaardwaarde"
skill-ovos-volume.openvoiceos,"volume.default.intent","volume herstellen"
skill-ovos-volume.openvoiceos,"volume.default.intent","volume op standaard zetten"
skill-ovos-volume.openvoiceos,"volume.default.intent","volume resetten"
skill-ovos-volume.openvoiceos,"volume.default.intent","zet het volume op medium"
skill-ovos-volume.openvoiceos,"volume.mute.toggle.intent","Schakel audio"
skill-ovos-volume.openvoiceos,"volume.mute.toggle.intent","Schakel stom"
skill-ovos-volume.openvoiceos,"volume.mute.toggle.intent","omschakelen audio"
skill-ovos-volume.openvoiceos,"volume.mute.toggle.intent","omschakelen stom"
skill-ovos-volume.openvoiceos,"volume.low.intent","laag volume"
skill-ovos-volume.openvoiceos,"volume.low.intent","volume laag"
skill-ovos-volume.openvoiceos,"volume.low.intent","volume naar laag"
skill-ovos-volume.openvoiceos,"volume.low.intent","volumeniveau te laag"
skill-ovos-volume.openvoiceos,"volume.high.intent","hoog volume"
skill-ovos-volume.openvoiceos,"volume.high.intent","volume hoog"
skill-ovos-volume.openvoiceos,"volume.high.intent","volume naar hoog"
skill-ovos-volume.openvoiceos,"volume.high.intent","volume naar hoog niveau"
skill-ovos-volume.openvoiceos,"volume.high.intent","volumeniveau hoog"
skill-ovos-volume.openvoiceos,"volume.high.intent","volumeniveau te hoog"
skill-ovos-volume.openvoiceos,"volume.max.intent","maximaal volume"
skill-ovos-volume.openvoiceos,"volume.max.intent","topvolume"
skill-ovos-volume.openvoiceos,"volume.max.intent","zet het volume op maximaal"
skill-ovos-volume.openvoiceos,"volume.mute.intent","geluid dempen"
skill-ovos-volume.openvoiceos,"volume.mute.intent","stom"
skill-ovos-volume.openvoiceos,"volume.mute.intent","volume dempen"
skill-ovos-volume.openvoiceos,"volume.unmute.intent","unmute"
skill-ovos-volume.openvoiceos,"volume.unmute.intent","unmute audio"
skill-ovos-volume.openvoiceos,"volume.unmute.intent","unmute volume"
skill-ovos-weather.openvoiceos,"do-i-need-an-umbrella.intent","Moet ik een paraplu meenemen naar het evenement?"
skill-ovos-weather.openvoiceos,"do-i-need-an-umbrella.intent","heb ik een paraplu nodig voor mijn woon-werkverkeer"
skill-ovos-weather.openvoiceos,"do-i-need-an-umbrella.intent","heb ik morgen een paraplu nodig"
skill-ovos-weather.openvoiceos,"do-i-need-an-umbrella.intent","heb ik morgen een regenjas nodig"
skill-ovos-weather.openvoiceos,"do-i-need-an-umbrella.intent","is er kans op regen morgen"
skill-ovos-weather.openvoiceos,"do-i-need-an-umbrella.intent","is er kans op regen vandaag"
skill-ovos-weather.openvoiceos,"do-i-need-an-umbrella.intent","is er vandaag regen te verwachten"
skill-ovos-weather.openvoiceos,"do-i-need-an-umbrella.intent","is regen in de weersverwachting"
skill-ovos-weather.openvoiceos,"do-i-need-an-umbrella.intent","komen er vandaag buien"
skill-ovos-weather.openvoiceos,"do-i-need-an-umbrella.intent","moet ik een back-up plan hebben voor regen"
skill-ovos-weather.openvoiceos,"do-i-need-an-umbrella.intent","moet ik een paraplu meenemen"
skill-ovos-weather.openvoiceos,"do-i-need-an-umbrella.intent","moet ik een paraplu meenemen in mijn tas"
skill-ovos-weather.openvoiceos,"do-i-need-an-umbrella.intent","moet ik een paraplu meenemen naar het park"
skill-ovos-weather.openvoiceos,"do-i-need-an-umbrella.intent","moet ik een regenhoed meenemen"
skill-ovos-weather.openvoiceos,"do-i-need-an-umbrella.intent","moet ik een regenjas meenemen"
skill-ovos-weather.openvoiceos,"do-i-need-an-umbrella.intent","moet ik een regenjas meenemen voor de reis"
skill-ovos-weather.openvoiceos,"do-i-need-an-umbrella.intent","moet ik me op regenachtig weer kleden"
skill-ovos-weather.openvoiceos,"do-i-need-an-umbrella.intent","moet ik me voorbereiden op een regenbui"
skill-ovos-weather.openvoiceos,"do-i-need-an-umbrella.intent","moet ik me voorbereiden op regen"
skill-ovos-weather.openvoiceos,"do-i-need-an-umbrella.intent","moet ik me zorgen maken over regen"
skill-ovos-weather.openvoiceos,"do-i-need-an-umbrella.intent","moet ik mezelf beschermen tegen regen"
skill-ovos-weather.openvoiceos,"do-i-need-an-umbrella.intent","moet ik mijn regenlaarzen meenemen"
skill-ovos-weather.openvoiceos,"do-i-need-an-umbrella.intent","moet ik oppassen voor regenbuien"
skill-ovos-weather.openvoiceos,"do-i-need-an-umbrella.intent","moet ik vandaag mijn paraplu meenemen"
skill-ovos-weather.openvoiceos,"do-i-need-an-umbrella.intent","moet ik voorbereid zijn op regen"
skill-ovos-weather.openvoiceos,"do-i-need-an-umbrella.intent","moet ik voorzorgsmaatregelen nemen voor regen"
skill-ovos-weather.openvoiceos,"do-i-need-an-umbrella.intent","wordt er 's avonds regen verwacht"
skill-ovos-weather.openvoiceos,"do-i-need-an-umbrella.intent","wordt er later regen verwacht"
skill-ovos-weather.openvoiceos,"do-i-need-an-umbrella.intent","wordt er regen voorspeld"
skill-ovos-weather.openvoiceos,"do-i-need-an-umbrella.intent","wordt het een regenachtige dag"
skill-ovos-weather.openvoiceos,"do-i-need-an-umbrella.intent","wordt het regenachtig"
skill-ovos-weather.openvoiceos,"do-i-need-an-umbrella.intent","wordt het regenachtig buiten"
skill-ovos-weather.openvoiceos,"do-i-need-an-umbrella.intent","zal het hevig regenen"
skill-ovos-weather.openvoiceos,"do-i-need-an-umbrella.intent","zal het morgen regenen"
skill-ovos-weather.openvoiceos,"do-i-need-an-umbrella.intent","zal het tijdens het weekend regenen"
skill-ovos-weather.openvoiceos,"do-i-need-an-umbrella.intent","zal het vandaag regenen"
skill-ovos-wikipedia.openvoiceos,"query.intent","Geef me informatie over {keyword}"
skill-ovos-wikipedia.openvoiceos,"query.intent","Geef mij informatie over {keyword}"
skill-ovos-wikipedia.openvoiceos,"query.intent","Ik ben nieuwsgierig naar {keyword}"
skill-ovos-wikipedia.openvoiceos,"query.intent","Ik wil graag meer weten over {keyword}"
skill-ovos-wikipedia.openvoiceos,"query.intent","Ik wil meer weten over {keyword}"
skill-ovos-wikipedia.openvoiceos,"query.intent","Ik zoek informatie over {keyword}"
skill-ovos-wikipedia.openvoiceos,"query.intent","Kun je informatie verstrekken over {keyword}"
skill-ovos-wikipedia.openvoiceos,"query.intent","Kun je mij informeren over {keyword}"
skill-ovos-wikipedia.openvoiceos,"query.intent","Kun je uitleggen wat {keyword} is?"
skill-ovos-wikipedia.openvoiceos,"query.intent","Wat weet je over {keyword}"
skill-ovos-wikipedia.openvoiceos,"query.intent","vertel me over {keyword}"
skill-ovos-wikipedia.openvoiceos,"query.intent","wat is {keyword}"
skill-ovos-wikipedia.openvoiceos,"query.intent","wie is {keyword}"
skill-ovos-wikipedia.openvoiceos,"query.intent","wie was {keyword}"
skill-ovos-wikipedia.openvoiceos,"wikiroulette.intent","geef willekeurige wiki"
skill-ovos-wikipedia.openvoiceos,"wikiroulette.intent","geef willekeurige wikipedia"
skill-ovos-wikipedia.openvoiceos,"wikiroulette.intent","open willekeurige wiki"
skill-ovos-wikipedia.openvoiceos,"wikiroulette.intent","open willekeurige wikipedia"
skill-ovos-wikipedia.openvoiceos,"wikiroulette.intent","toon willekeurige wiki"
skill-ovos-wikipedia.openvoiceos,"wikiroulette.intent","toon willekeurige wikipedia"
skill-ovos-wikipedia.openvoiceos,"wikiroulette.intent","wiki roulette"
skill-ovos-wikipedia.openvoiceos,"wikiroulette.intent","wikipedia roulette"
skill-ovos-wikipedia.openvoiceos,"wikiroulette.intent","verras me met een Wikipedia feitje"
skill-ovos-wikipedia.openvoiceos,"wikiroulette.intent","willekeurig wiki"
skill-ovos-wikipedia.openvoiceos,"wikiroulette.intent","willekeurig wikipedia"
skill-ovos-wikipedia.openvoiceos,"wikiroulette.intent","willekeurige wiki pagina"
skill-ovos-wikipedia.openvoiceos,"wikiroulette.intent","willekeurige wikipedia pagina"
skill-ovos-wikipedia.openvoiceos,"wiki.intent","wiki {query}"
skill-ovos-wikipedia.openvoiceos,"wiki.intent","wikipedia {query}"
skill-ovos-wikipedia.openvoiceos,"wiki.intent","check wiki naar{query}"
skill-ovos-wikipedia.openvoiceos,"wiki.intent","check wiki voor{query}"
skill-ovos-wikipedia.openvoiceos,"wiki.intent","check wikipedia naar{query}"
skill-ovos-wikipedia.openvoiceos,"wiki.intent","check wikipedia voor{query}"
skill-ovos-wikipedia.openvoiceos,"wiki.intent","zoek op wiki naar{query}"
skill-ovos-wikipedia.openvoiceos,"wiki.intent","zoek op wiki voor{query}"
skill-ovos-wikipedia.openvoiceos,"wiki.intent","zoek op wikipedia naar{query}"
skill-ovos-wikipedia.openvoiceos,"wiki.intent","zoek op wikipedia voor{query}"
skill-ovos-wikipedia.openvoiceos,"wiki.intent","wat zegt wiki over {query}"
skill-ovos-wikipedia.openvoiceos,"wiki.intent","wat zegt wikipedia over {query}"